4972232346,jpmgk
8130744811,iyvkm
6437793376,hyyth
2439417917,fsrxu
8564041431,vfrqd
4224663353,lhhpt
4959000518,lvmjs
7485322584,oevce
2319514267,qpzkq
7085549972,krdqq
5468666268,vsadb
3091048435,fayjl
8368110278,fbtii
7607849641,zhdue
4773081050,jkfwo
6919268362,gocth
6875964737,pelnn
5942221466,babhc
3531349726,jumhy
5717485850,hfmgv
3741984711,zdcbq
2041505957,crjxj
6999525565,ympxz
4196207816,cjdgy
3747855426,jrcks
7949618284,vgukz
4305196174,dlgso
1734632226,koxyq
5341137228,ucezb
2528623332,emfpl
7950030490,vodau
4803740230,gnswo
5590171378,ltkoa
3161395582,elyoq
3564582036,zplwo
3593474941,lyjuo
9829769728,juhje
5615574826,vqduu
1940006809,retez
2776219569,pgzol
8026191348,buxrn
7851092458,qlnta
4144872261,vpkrl
4063263200,imvfx
9158165431,gpohh
6230397842,ytlgh
5134692309,bfjyy
3658055773,kzuwh
9522472679,jvnpz
5359352619,psgbo
6069456765,sswks
7418243880,wlcdp
8505086026,dejps
9791722851,yosjw
4032458082,zmdny
6252518757,bzkkw
4746966240,ahldg
9567023988,iiphz
4481086609,yjzte
9469947537,omnyp
1571433984,wouar
8033852597,scimg
4176591704,rrwsd
5612588787,vjdxm
9959419786,vxxvu
2183656290,rnvzy
9860335492,gsrho
4029913632,mcrdp
9468898458,rjoyj
4577367374,cjiem
3313661555,vnhqj
2569319412,ohmqr
4259869799,xgelo
4286631704,dabsa
2769620046,qpkct
5855658416,rtcyh
3268083499,frnnn
6352403511,iotkp
7902774615,dyodp
6409936020,brefm
1974261351,ijewe
9866507292,avmfj
7690975434,urchg
2029335078,fhwye
6421509910,iunog
5059302539,pcjmz
5924291197,bpnhx
2977606829,pnemi
7324218617,oconx
9737029548,hxtqp
9541606675,huuak
6468263491,ijwfk
5695503574,osyfl
9838619484,airgf
2652850699,qcluf
5134838489,biuqz
5338540032,pnffy
1575919963,tzdzu
1436122966,xoqfk
4920429369,aabey
8383363747,rprlb
7796359623,adrre
4500325428,hkclh
5681353664,tkilc
4285418657,wnwqb
5022687555,fkddc
7458426877,jxerc
9588228355,lptft
6070721095,jvoef
5447226542,uxszr
2253764850,rnyee
7844703435,iiwev
5046876335,sajlo
4222009797,wbiws
8183114603,rlsqs
4768712903,zkwov
4304825109,rvylt
5084691641,dwbfg
4262670743,rsnyl
3641188061,wnomb
6971394385,xpqoy
7937998118,tqjib
2635777533,usrxg
9963385118,ohelg
8533117664,ynsua
2674897856,hqbru
4974784802,nqpmg
8531383747,ecoiz
5680493805,snhyz
5451010005,qdklo
1690711434,kbiyk
4763482136,duisc
8463853683,dafin
3485841461,qiaye
3796818588,sprxt
6897290247,ginha
9096417147,fwiun
4377722401,agoba
9508330137,lnlnj
7369258314,ikgsq
1555602888,qpsbs
9400269260,bvpij
6529789177,lkonp
3648269158,drirx
5891048177,sndcn
7276797409,qndwj
8399185819,pwjah
5182896638,rmbie
6293671882,wmmti
6822433994,tpkiz
1046907277,gelwn
2391066381,tsdra
9867948615,iuiet
5445610457,ueudh
8452503037,zarwo
9564489693,gxaey
5664758245,vltzd
6723381332,dpfbd
4489840574,kpyps
1432176129,gctdz
3567336162,guuqd
5182607974,ibwkt
2859938793,cvvrd
8581556089,uybph
5058067553,lulag
3849746995,pgzmh
7063602943,ohkty
7873037830,ghtld
1064012986,snfmh
3981207164,osdwj
7632457410,kogyz
2525495968,ryqvo
6031435160,bzxun
7744622041,ugjvs
4544182248,mmtrb
6944026132,oxfqo
6213932997,gghud
1183565408,njpvd
3217422221,dznth
2300488644,czxux
5749214738,czvjj
1669177090,jekob
3743503418,upyzu
2742025246,fdeyg
6531360344,wapep
7513210215,mbxdv
1081703065,uwkny
2383306180,ouixw
2695009849,tqcbq
9427967271,oufgp
7398163535,dhaiy
6757155718,ioljh
8434309115,xpgvf
6901148599,pftez
9339831618,ptfxg
3592970581,ecxru
6180317280,mjifi
7766838337,cutdm
1626321004,dzwxa
6063192120,axjom
6808788801,yjmny
4433189329,ibcfh
6584896199,wblsh
8634757225,cjepd
5582996718,ktcqn
4986902880,nlyyn
7102434368,qfseo
2447744247,yzxbn
3883462669,xukgk
4258318973,sgxoy
9484264719,knpkq
6643071708,rmoyy
2812357616,kxnyx
5149373133,eettk
7343234665,deoun
4288496967,nldnm
8997706949,qlddh
3580513659,etbym
3634207021,fzdpl
8161691522,nhzsd
3912083518,ozjfb
1496899638,yunef
1775394190,tjnea
2423221801,oyneb
3512623889,xerww
9444488758,jmjlc
2732243601,bxdac
1202074237,aitpd
5699333388,ncjyz
8731516079,iwxat
3835145493,oqdjw
4305887889,xijfh
8999548720,fqjqv
8864491820,lpnfx
9987007623,oiabp
7231026984,himqn
3105341629,giijq
3571272315,ysipx
3570121398,dcaof
1840029029,kcslf
7244799059,vykkg
5212582392,lfweo
2342395612,zaxwm
1488611320,jpbno
5699881373,xcbfq
8292316998,xmdro
8059761742,yetil
9038477948,yjzfh
3002295504,iefwl
9720665976,awdkp
3202872360,syfxi
3795880264,isjah
2486670694,xntxx
5534065609,bnzpr
6160180338,ipaep
1947221643,udwzo
2146655807,mmxdy
2182798122,acxnn
9543701430,htyyq
1568299297,ewguy
4632053455,maxhz
3010743093,zkxed
8705256115,xpouw
5662335137,ubigu
2900898719,mfrpv
8749212199,toodr
6821628397,uvyaw
5623277598,highl
9164293326,jbuph
6915083596,mxfjv
2721958951,xrjmq
9508711404,lhudr
4251547263,znfyl
6090105281,fpzjy
3510888604,evsem
1070520859,tgbvs
2361034429,grspv
2829719416,yyers
7200835032,jfatd
5434763052,epebg
4439326430,soovn
9065384469,aqsed
2968327027,bmpaf
4683398512,askcu
5633062352,anlho
6897067000,ytnuu
7770441683,yxzav
8990519508,udygq
6648668336,rwfxx
2445730262,argwn
3459265214,wxhul
5970576851,rjaan
7168174009,emtwb
6851998472,lrong
7863211474,yvhat
5391020579,ycirf
6659750747,xsccd
3397381506,cpfqm
6669235502,euvtb
6508735567,gsswo
3276371138,iaiav
6442695939,kfgql
7491946191,evqnl
8130537160,lbdnl
8216184809,baimb
2953599278,szzjd
9619903849,lnodw
6532674692,ucrck
5807481704,nnzlr
5526798711,gzuoq
5581728009,cygor
5257940536,tdljo
4806018888,lnbrp
2454751100,zarvd
2262425331,smpes
3416173467,wluob
4210377709,fcnbd
4182937047,bzema
3489148380,zyipq
2897870072,vufoy
3542291830,kofub
3018381172,wthvr
6608640631,qnrre
3593069156,rwaxz
5639475570,nnroq
6653897676,mjaxm
3244706595,dxgvt
1844779639,dgmtl
6667933316,xmcgs
2155084038,szhwl
7108496157,icmsn
9340499923,ozjoh
9254075646,dztei
1538017766,boawa
4844429440,vazmj
9168220092,kcwxa
2491375963,sppjz
8842519853,nqsej
5377330323,vdvqy
3865083618,lmarb
7775580706,znczu
9066777080,qrini
5914094823,zbylc
7842749605,cvzdf
9558293683,gamlf
6550531720,nakvp
8684447704,znqst
8485077157,zhgto
1102374929,dkgep
1679474730,dorzh
1896892798,wwnbj
6984312704,jajkf
9893871874,vfyez
8994410351,yebwd
8440005972,axvxe
4039912360,ulwal
1774991982,kqujf
9666085889,nxjcl
4839860204,jwhoi
4577535577,ogrba
2927764368,urezh
6028550167,kmbuy
3097043289,iznsi
2768379308,wkzms
3882938091,xetjx
2339716311,fazmz
1222071558,dguoz
9919570905,typkq
6973025440,arhlw
2041745873,ipihe
6201804559,ikkti
7111601339,ecxqu
2971850244,jjmec
6875720193,jscwg
8736075364,wjtnw
1483436792,hnlla
7828792365,hxprw
5615832781,arzrp
7215347672,iisnp
9634833590,zgnpg
3307257916,vezry
4528290958,cquzj
4547207458,gsajs
2194605064,yjmnt
1615725201,wkfex
7706035940,byeia
4945945987,nhvfj
6930975148,fxocb
2283912672,ormnv
3963171272,nyggb
7787110876,hqyee
5227564409,bktsh
5881802400,psizm
1785806836,sbdcg
4603013994,niswh
9471497531,zymst
3964746906,chhgh
2778503937,trvnb
6330902989,feozr
1172547124,rfjfp
1694501481,epoih
7400661629,deayr
6120449143,qlwti
2702047639,iwnjw
9395501816,zdqxj
3579811879,kbegi
1731857518,toogl
4475729218,bekhq
4622492025,msykh
1924193252,rvoek
6633577033,spfed
8584274019,ytlnq
7683913985,lvkbt
8942264106,eqiyj
4460088858,ditxf
6455827056,xlxvz
6772060099,eaipg
1776888142,puoeg
3728552393,ywhxj
4837093094,nkmwy
4220295151,mgzly
2779732149,klqum
2807343397,lypwk
3822409022,pjmil
7531767207,fyxtg
6743540472,hathp
4804710090,rebok
9345251435,olkhw
5691874044,jnypf
3052645744,mjpax
9631245142,tpvxo
9807971864,sccqk
7667028371,bfhib
7356529476,qfxot
3845449635,qgfid
4786344066,vhqbw
4827065568,urxnj
4644299117,bvdfn
5854973144,pqvuf
4208682015,jrapj
8829487412,trfuw
7792909989,ooygp
8894841037,zrpns
8726254730,afkqy
8593469578,unxyo
9558620063,hotha
8207583168,tkjjm
6664195788,qjfit
4715828801,umulq
4135101174,rdogs
6977736974,zjnmz
8096712188,sdwkc
5991656131,axgpn
7542390692,ibvgf
7450630967,ohmbn
4575009407,sbzyz
6247171875,efhxr
8178540481,hzshr
1209705756,qgwwt
2999625806,jbryu
5619978477,oytgk
4763747588,krbyh
6434336791,dicio
4589885282,vfrpj
7212461723,bukqx
1297334199,ezipm
7932605168,gdjnk
1628155339,toxek
7160289621,ytuqb
6436273595,gohqg
4697835586,mamfl
7371856889,ixubx
6210765070,lxjiz
1943149480,knmnx
1630305806,xivwq
6120279383,vrnvo
6023154579,jpixv
4641085973,arkmu
9333461097,zrrgv
5893670358,fyojy
7820191557,ugofb
1438645904,qwoga
5932327393,javme
2133031581,lhztj
4188350633,bybes
7913383910,gjydm
9506380076,rkdiw
1675296312,odmen
7106006624,wibcw
7835112279,ynmiw
2306191783,xojxr
3898946581,fsdaj
7120086130,tmara
1444053252,fwbgs
4480441592,gurzr
5240985789,ugfjw
7827780404,lxwjs
1391302211,vxnjk
1022219408,bdwan
9849995689,azdal
4692673943,rtdla
4614134285,qtome
7145153142,ivfhn
3229448416,fqbql
8366447491,lpbau
2273217766,sgekt
6091204476,mfwuf
1286214581,jvjya
1411698388,hfgjm
1403504798,gjlvs
8101005958,luqys
4789794807,lxjsb
1081709805,kktcs
4054637525,wkfhl
3945398348,ecwyh
4183815011,mgxwg
4222531454,ainrd
1454014656,czgjg
3649854522,umdav
8782865063,scdli
2408901150,ocynz
6365217900,xufge
9730585908,zfbuu
7156438601,nggws
6591017626,ibpqg
9532333626,zkwbl
7652205621,ycexn
8411708997,xfpem
7477832231,iuxhf
9265186969,efscs
7275005683,ggecy
7556627660,lyohi
4982399393,igxkg
1885643736,kvean
9347792278,imdyc
6439748327,cjubp
6512456473,odtns
4574592211,govua
7891874208,qzzsw
8315443742,hzeqe
2625127975,vnzoa
6956761801,pfire
9537052859,rkrck
9301998673,dlruu
5899230946,cklrm
3371165302,wrgip
2442575267,zkflc
9149082810,fqxjv
8096659719,qdluz
4082978549,zeirj
2174730746,craqw
4305409477,sljbx
2886635143,stuun
9330285290,kdowf
2415554859,fhmsp
1512786491,cslwy
2271245642,stslo
2988666656,qceru
5221966733,frlxc
8336435865,bygii
7167432531,xjtvg
5546923966,jbvem
6062617575,gggip
7341748659,khjhz
6219486725,gdeav
7364349958,lphdt
1340844643,ctwio
5298911326,bsewi
5134000181,hfisc
9092352072,sjyve
7629646292,zunhl
3476585237,qlvjy
1629452886,gylqf
8400823254,bgnyk
9992424416,wrhok
6843274266,jryul
3915954703,slbqd
7652314333,mjdxn
1024369405,yukgh
1472606637,oriff
6222157871,cjmuh
2613866361,swjoo
7785699199,vtjny
5677532448,qgjye
1109080549,nvojr
4894865254,kndbh
4782231902,etnid
5472216057,dklqy
6803160173,jrprc
8845893554,njirz
9330719483,ckpvm
2514277247,fhmtv
9809153398,juile
1978631950,adbid
9372829843,yekbs
2834361728,jlsdd
6090840601,dojre
1953956236,knjqa
6928080744,rrvoe
5026050514,rddak
1796529396,tdcfa
6329408724,xocwa
7381759936,nmccw
8486941501,ujvjl
5895009563,uqbsf
1032204678,ktcfa
8429073893,fgbrb
8214953523,cdscv
2529588194,qwrgn
9747441216,ntewg
4849187480,mbbjl
5744474067,yhpoc
5664669519,ykgrv
3144170528,duufy
3827361642,kkxex
6757427202,iuxms
6230686294,besod
7776519124,fdvwr
3225381329,lsbre
2363900761,ioxvy
4815152599,hypit
1210641611,cmsgz
3291777860,agohp
5841431140,qtzfb
6826678465,pvwkg
6613000903,icmcr
4433378145,jknhf
1831457743,mclmz
4245844226,yihad
4031406952,vkmnu
3082413365,scjzp
5572069741,exnsf
2512554107,sjkhf
3371733185,bbsgf
4808669491,yiazl
1691508937,ygsss
6348584344,ujata
3996361358,ohrfw
4233655604,hhalf
3827467329,dduia
5048231926,dgjgf
4279332925,lqdcz
4576167447,pwrpz
4235733222,uiaeu
4362932703,pkajy
5269340710,rjnss
8946294787,hfngx
1513306335,khkxh
1501795897,tjgot
4325913854,gzkpw
2858546920,thyry
9915820320,uzojn
2683214292,rcbuk
9608424395,ihmpe
9470641091,iliab
9166510357,pppzy
2443524635,ewyug
3942969805,vuzia
7697596448,rtvor
9064458254,jybqc
6801175956,qiwgl
6097586736,amrjg
2287532988,zujrk
6536600119,japzk
9287409081,fzokd
1881222368,rxwnn
3163544875,qpinf
2599599567,blxql
3247657968,jnrwi
1941845999,abzpr
7020816499,aslft
5622398995,kauth
4297651030,jlzls
4496606511,qzekn
3917785965,epwvc
8708027972,ocxxy
4359863800,auxwk
9961727278,gtfjz
2567100150,yggiw
5531302493,ogday
8857823034,wuepl
6812910951,murjm
4314470405,zipzz
7729724476,hqqxf
7080736632,jcilf
3984517597,luydq
8284918573,wllje
7028208839,rblzn
9450816714,ofweb
3877732400,afqpo
5807786898,zdtba
6441750948,zlcpd
4629198362,pzent
1565285261,sgoam
3963238853,sfyfh
1071142508,hataj
2586890132,rijdk
9719733391,gfcko
8578709732,heees
8353549896,qbrya
3334172343,xkyvp
9504078206,uxkwl
7362277252,ldwij
8241737908,ibkhm
7949849659,vuzlq
5778258504,nrpeo
9808490548,kcdlz
6775475844,aodni
9379915714,whscc
9665134162,mucqb
4856518752,ptkea
5350258458,tefie
3443828517,uljez
1160857987,vnwnq
2586153302,hfshj
6603417018,yjdro
3269490744,cwtls
4172883979,szygk
7323282560,yytbk
7858972361,pymjg
2444093160,eigjo
7890830862,tioir
7213285276,webgb
5307247770,nniyw
7932347999,wjprr
8360615394,mskxw
2574854649,imtbc
3978877563,wsyrq
1200998569,khvoq
5858372723,zdeur
1899512249,lodlz
9029996473,eaxjc
5102552359,jejra
2874305733,zbqhj
7151725233,ohxtg
2963936432,hgeaw
2051043823,axxmx
7298404871,eyjtz
2980733034,kejpx
5706844155,ybwpd
7512675447,fwnwx
1850656120,pggwy
6337363905,ipasc
2657503405,zbqlg
3866189546,tuagl
1656514591,fwyzm
9441835291,wsqcf
9189160749,ojvav
1289498940,kvqrt
5414972856,znoqy
5152392729,jbrnb
7547458958,hganc
9797662818,azoal
1406285716,ujdcb
3576149501,kalwt
3027854427,uixsl
6902375156,cgjnx
9278401110,lvrdg
5810791398,njtot
3879765693,macex
7353844922,teygk
4660881029,etnsm
4665624933,zceli
5598237659,hoshz
6832183082,qrtvj
1268813364,tcunc
2282784041,arlcj
6680377042,whbsj
6589744900,nhayy
5868474881,ijzxo
9969965364,vhzbk
5265791415,jfyrs
8519280275,mictx
4507899236,fwcjv
8930885397,wyihg
7038724095,cqwwe
1494963399,poqsm
8190051258,ggmgd
3481561035,jojpd
2225885925,zeuqe
8548170511,azznn
4173875976,ycywa
5109477663,htawr
3125915344,sidob
7946962653,iwlhi
7890368472,nxvlk
2579326091,vkzgb
3101045781,soqyz
3708573362,pwswm
7908846864,zlsit
1242036741,ckmbw
6494568704,okxdy
9267914245,akyhq
4468063191,gjplj
9134478417,qaoho
7530838427,zowxp
9677333296,lcjxr
9998740873,cztsv
6996314216,xdaea
1096712271,rkkyy
9547237219,hhssu
9584615054,rdzaw
8205560130,yrvoa
5540796627,yeypw
4867047750,nxqmo
8736697389,udapz
7550073889,xwrla
8528287201,ofupq
9831104485,xarlg
7570807739,kjpyu
1018450039,elyss
7140868674,pgzyp
9273379175,wghzj
8575780673,brehz
1615093118,wmpla
2262795587,brwed
8977541251,klwqn
4299369281,xzxzd
5113820785,nthtj
1413598338,iynmr
2222444773,vnyra
9656588481,poaoo
5134628235,besgh
8615411242,ytvnx
1095729739,nefnp
3175441153,xgerm
1092098721,kdvcb
4471308030,sjyju
6464104552,nvdks
6713980807,vwvwa
9792922351,mtoad
6161602448,zozqp
7682344786,zpqqh
2414627848,wpwuf
3463990863,cjtpp
7960714593,updxw
8961923373,xrklm
7164932243,dxctg
8796462018,weaye
8450381819,ppudw
4780008984,aflac
9043009472,lrbfc
6523275449,hgxit
9775128840,nbpad
7467187090,ssmkd
6925931185,btslk
5087521964,kmfno
7727915276,gauxe
3290076386,hikay
2638178730,zsjdl
9267114026,jkwpa
5338160504,ofxpy
6694465248,xdjin
8192581965,gvrhj
5060401866,qkrun
7183517057,plbuq
7531582383,ivehg
4834602671,ggyiu
7168337931,jgxkn
2598406300,bxehv
2895680442,clfzl
9604792277,zxqby
5881535722,tdjvf
7505229969,jnaoa
4522531121,kxtdb
2803975746,gwnuz
2065004112,njpuq
8050293196,ldhpb
2734858932,qceda
9331266770,dsizj
2505347021,jscpt
3434295617,qzzim
8657178718,glvsb
3232391800,pirow
9278848386,vavaa
6162035230,uaopw
5098954440,mfovb
5474272078,vxltd
2997587972,txocd
1779415935,ouaxy
4918652465,qqytj
5993846443,tlsmw
9672554579,khzxt
6235308094,lqfti
6489364202,msnqo
4836379497,anyoq
4890800569,moqjx
4082517566,bcmkj
5955220222,zrzaq
9017620836,drcun
6344240622,ytbac
2737067100,fcuzj
3871298435,fmvwf
9332632183,mbdbi
7691867716,tjjah
1408394749,grfyb
5714336667,kgjag
3868724923,uyulq
5360708845,girac
1855508499,ssozj
1198502809,xnknk
5801839233,ainnp
2976541480,idgtz
9617426887,tldlq
4195762246,bmvxx
2901159516,xtdxe
9289349059,adumd
9260328259,ssryb
6207697172,nrxza
6211878638,ytynz
1756408535,ubzby
8560753378,dtovr
8686279050,hkopv
8740290446,obtxf
3754907487,lpxvk
9167719803,lckpu
8959631547,uuyes
9460879871,rifse
5773197953,jedsj
6285007326,mbkmq
7346656604,gefsl
4868329568,nvokr
2218904769,kkyog
1229850761,kcwhn
1641696665,kiktc
3176907209,dofdx
4132587260,rwzdk
1405467200,atzej
8008380338,gxocr
8915020394,vznlo
1580893409,okrfv
4125961656,woiif
9056475504,neiea
6893106189,anrhf
3540557074,hqjyg
8172903833,sweja
4465935187,yadbn
4396904393,doiwq
2157011841,zwwax
9125583728,lmizg
1386007226,vlbqv
4461274868,kwfwb
8119472946,xhwyd
1472849916,lghpm
2091603075,cunqt
3936206033,jcuxy
7797449759,qlbay
5613217515,ndfad
6140208485,bjvdd
4668767127,wpwyz
9306609531,iqcpr
7546650053,kfqdc
9552324319,gtoef
6447328699,gaeap
9949840394,rqriu
6023532826,plzxa
9728210815,whyxf
3171690633,sdsar
3124381020,bipgf
4039299103,xxxna
1154351358,ebuqz
1045661626,ieqhu
3136607134,bgxnh
1101845149,pylta
2596086255,kyeou
9470980458,aczeq
7885645263,ngqfi
6318801727,oixeu
4808578898,cpjal
8199137629,nekld
9528175552,enxhi
8930082567,fqjry
3233579241,eaysb
2748059026,bhnfj
9974724471,ixpfg
4505043501,yciqp
5093323745,toxgm
8068008376,cqqev
6365830412,ccdzz
1588470874,mfxvq
2707685755,orodc
6153248368,nmkpb
8700768623,pltmh
1348567406,rxpoh
8955525034,bvhrd
8145851255,morbg
8558553718,ijlfd
2274492286,fchav
8648504596,elcba
6023785800,vbtna
8221206916,awert
1813281259,vugfd
9778259099,utedg
9656557857,pthgl
9648919039,rsxau
2213700451,dlstv
2252505803,mkkql
4029625520,ruqkb
6959376970,wenxy
5848874713,xtucm
